BlockchainID,Symbol,Name
1,BTC,Bitcoin
2,ETH,Ethereum
3,XRP,XRP
4,BCH,Bitcoin Cash
5,LTC,Litecoin
6,BNB,Binance Coin
7,EOS,EOS
8,BSV,Bitcoin SV
9,XLM,Stellar
10,TRX,TRON
11,ADA,Cardano
12,XMR,Monero
13,MIOTA,IOTA
14,DASH,Dash
15,XTZ,Tezos
16,ATOM,Cosmos
17,ETC,Ethereum Classic
18,NEO,NEO
19,XEM,NEM
20,DOGE,Dogecoin
21,ONT,Ontology
22,ZEC,Zcash
23,VET,VeChain
24,QTUM,Qtum
25,ABBC,ABBC Coin
26,DCR,Decred
27,LUNA,LUNA
28,RVN,Ravencoin
29,BTG,Bitcoin Gold
30,VSYS,V Systems
31,NANO,Nano
32,ALGO,Algorand
33,DGB,DigiByte
34,LSK,Lisk
35,SC,Siacoin
36,BCD,Bitcoin Diamond
37,WAVES,Waves
38,ICX,ICON
39,THETA,THETA
40,MONA,MonaCoin
41,BTS,BitShares
42,KMD,Komodo
43,BCN,Bytecoin
44,HC,HyperCash
45,BTM,Bytom
46,XVG,Verge
47,NRG,Energi
48,AE,Aeternity
49,IOST,IOST
50,ARDR,Ardor
51,STEEM,Steem
52,ZIL,Zilliqa
53,XZC,Zcoin
54,NEW,Newton
55,ETN,Electroneum
56,STRAT,Stratis
57,GXC,GXChain
58,ZEN,Horizen
59,ELA,Elastos
60,RDD,ReddCoin
61,FCT,Factom
62,ETP,Metaverse ETP
63,PAI,Project Pai
64,BEAM,Beam
65,GRIN,Grin
66,NAS,Nebulas
67,NULS,NULS
68,WICC,WaykiChain
69,AION,Aion
70,WAXP,WAX
71,ARK,Ark
72,HBAR,Hedera Hashgraph
73,WAN,Wanchain
74,BHP,BHPCoin
75,EDC,EDC Blockchain
76,TOMO,TomoChain
77,TT,Thunder Token
78,TRUE,TrueChain
79,NXS,Nexus
80,SYS,Syscoin
81,GRS,Groestlcoin
82,LOKI,Loki
83,PIVX,PIVX
84,TTC,TTC
85,NXT,Nxt
86,CMT,CyberMiles
87,NKN,NKN
88,TFUEL,Theta Fuel
89,DIVI,Divi
90,WGR,Wagerr
91,PZM,PRIZM
92,BDX,Beldex
93,PLC,PLATINCOIN
94,SHND,StrongHands
95,CVCC,CryptoVerificationCoin
96,BTC2,Bitcoin 2
97,MB8,MB8 Coin
98,BHD,BitcoinHD
99,MBC,MicroBitcoin
100,GRN,GreenPower
101,VITAE,Vitae
102,CNX,Cryptonex
103,GBYTE,Obyte
104,UNO,Unobtanium
105,MOAC,MOAC
106,NYE,NewYork Exchange
107,BAY,BitBay
108,CSC,CasinoCoin
109,MAN,Matrix AI Network
110,SKY,Skycoin
111,SAFE,Safe
112,VTC,Vertcoin
113,APL,Apollo Currency
114,ILC,ILCoin
115,EMC2,Einsteinium
116,OTO,OTOCASH
117,SLS,SaluS
118,HYC,HYCON
119,LCC,Litecoin Cash
120,DDK,DDKoin
121,QRL,Quantum Resistant Ledger
122,PART,Particl
123,ACT,Achain
124,META,Metadium
125,LBTC,Lightning Bitcoin
126,INT,INT Chain
127,KIN,Kin
128,GO,GoChain
129,BLOCK,Blocknet
130,IRIS,IRISnet
131,STREAM,Streamit Coin
132,NMC,Namecoin
133,BURST,Burst
134,PPC,Peercoin
135,HPB,High Performance Blockchain
136,XMC,Monero Classic
137,NEBL,Neblio
138,XRC,Bitcoin Rhodium
139,FLO,FLO
140,VEO,Amoveo
141,IPC,IPChain
142,NAV,NavCoin
143,POLIS,Polis
144,SBD,Steem Dollars
145,VIA,Viacoin
146,ETZ,Ether Zero
147,MHC,#MetaHash
148,VBK,VeriBlock
149,NLG,Gulden
150,XAS,Asch
151,XDN,DigitalNote
152,FLASH,Flash
153,SMART,SmartCash
154,TERA,TERA
155,XCP,Counterparty
156,BLK,BlackCoin
157,ZEL,ZelCash
158,XSN,Stakenet
159,DERO,Dero
160,POA,POA Network
161,NPC,NPCoin
162,PCX,ChainX
163,TOC,TouchCon
164,CRON,Cryptocean
165,BOS,BOScoin
166,COLX,ColossusXT
167,VEIL,Veil
168,XST,Stealth
169,UBQ,Ubiq
170,EMC,Emercoin
171,BTX,Bitcore
172,VITE,VITE
173,AXE,Axe
174,CTC,Credit Tag Chain
175,PIA,Futurepia
176,BTO,Bottos
177,RSTR,Ondori
178,ECA,Electra
179,NIX,NIX
180,AEON,Aeon
181,VITES,Vites
182,LKK,Lykke
183,ARRR,Pirate Chain
184,GCC,Global Cryptocurrency
185,GCR,Global Currency Reserve
186,XPM,Primecoin
187,CHX,Own
188,PPY,Peerplays
189,XBY,XTRABYTES
190,OBSR,Observer
191,XWC,WhiteCoin
192,FTC,Feathercoin
193,CLAM,Clams
194,MIR,MIR COIN
195,SFT,Safex Token
196,NTY,Nexty
197,VEX,Vexanium
198,NIM,Nimiq
199,BC,Bitcoin Confidential
200,ZUM,ZumCoin
201,ONION,DeepOnion
202,MRX,Metrix Coin
203,TTN,Titan Coin
204,VIN,VINchain
205,BST,BlockStamp
206,TPAY,TokenPay
207,BTN,BitNewChain
208,PAC,PAC Global
209,OK,OKCash
210,GLC,GoldCoin
211,IMG,ImageCoin
212,ECC,ECC
213,TUBE,BitTube
214,XLQ,ALQO
215,PGN,Pigeoncoin
216,QRK,Quark
217,BBR,Boolberry
218,LBC,LBRY Credits
219,MINT,MintCoin
220,ZPT,Zeepin
221,ZCL,ZClassic
222,XSPEC,Spectrecoin
223,SDA,SDChain
224,XFC,Footballcoin
225,CLO,Callisto Network
226,ADS,Adshares
227,DMD,Diamond
228,RBY,Rubycoin
229,HPC,Happycoin
230,ENQ,Enecuum
231,DCT,DECENT
232,FAIR,FairCoin
233,NSD,Nasdacoin
234,HTML,HTMLCOIN
235,PHR,Phore
236,ZP,Zen Protocol
237,DYN,Dynamic
238,CHAT,ChatCoin
239,RADS,Radium
240,MCASH,Mcashchain
241,SIN,SINOVATE
242,GAME,GameCredits
243,3DC,3DCoin
244,XCASH,X-CASH
245,BEET,Beetle Coin
246,IOC,I/O Coin
247,XMY,Myriad
248,POT,PotCoin
249,XPD,PetroDollar
250,LUX,LUXCoin
251,MOON,Mooncoin
252,MGD,MassGrid
253,BITB,Bean Cash
254,TRTL,TurtleCoin
255,FAB,Fast Access Blockchain
256,GRC,GridCoin
257,BITG,BitGreen
258,N8V,NativeCoin
259,VRC,VeriCoin
260,QWC,Qwertycoin
261,VIPS,Vipstar Coin
262,UT,Ulord
263,SINS,SafeInsure
264,SAFE,SafeCoin
265,CLOAK,CloakCoin
266,EXP,Expanse
267,XHV,Haven Protocol
268,CRW,Crown
269,BIS,Bismuth
270,CURE,Curecoin
271,COTI,COTI
272,SEM,Semux
273,BCO,BridgeCoin
274,SHIFT,Shift
275,CRYP,CrypticCoin
276,SSC,SelfSell
277,ERG,Ergo
278,ORB,Orbitcoin
279,SPHR,Sphere
280,IFC,Infinitecoin
281,PASC,Pascal
282,EFL,e-Gulden
283,SLR,SolarCoin
284,CBC,Cashbery Coin
285,42,42-coin
286,QAC,Quasarcoin
287,BCA,Bitcoin Atom
288,XPC,eXPerience Chain
289,MUE,MonetaryUnit
290,ADM,ADAMANT Messenger
291,RPD,Rapids
292,SIB,SIBCoin
293,MIC,Mindexcoin
294,ACM,Actinium
295,TRC,Terracoin
296,THC,HempCoin
297,VRA,Verasity
298,NYC,NewYorkCoin
299,NBOT,Naka Bodhi Token
300,CCX,Conceal
301,NBAI,Nebula AI
302,LABH,Labh Coin
303,RVR,RevolutionVR
304,SEN,Sentient Coin
305,WEBD,WebDollar
306,SIC,Swisscoin
307,XEL,XEL
308,OMNI,Omni
309,XHI,HiCoin
310,ZER,Zero
311,SMLY,SmileyCoin
312,BCI,Bitcoin Interest
313,BTCZ,BitcoinZ
314,BTCP,Bitcoin Private
315,XBC,Bitcoin Plus
316,AUR,Auroracoin
317,LUNES,Lunes
318,NVC,Novacoin
319,USNBT,NuBits
320,DIME,Dimecoin
321,NLC2,NoLimitCoin
322,TRTT,Trittium
323,BBP,BiblePay
324,HEAT,HEAT
325,ESBC,ESBC
326,TELOS,Teloscoin
327,DBIX,DubaiCoin
328,DEEX,DEEX
329,PIRL,Pirl
330,MNTP,GoldMint
331,RISE,Rise
332,PINK,Pinkcoin
333,XP,Experience Points
334,KST,StarCoin
335,TWINS,win.win
336,EXCL,ExclusiveCoin
337,BITC,BitCash
338,GOLOS,Golos
339,HLM,Helium
340,D,Denarius
341,SHARD,Shard
342,RBTC,RSK Smart Bitcoin
343,KRB,Karbo
344,ION,ION
345,OOT,Utrum
346,NOTE,DNotes
347,XSG,SnowGem
348,MNX,MinexCoin
349,XWP,Swap
350,LOBS,Lobstex
351,OWC,ODUWA
352,IXC,Ixcoin
353,SCC,StakeCubeCoin
354,MAO,Mao Zedong
355,TOA,ToaCoin
356,XQR,Qredit
357,MSR,Masari
358,PAL,PAL Network
359,FRC,Freicoin
360,BIR,Birake
361,MIB,MIB Coin
362,HALO,Halo Platform
363,GRFT,Graft
364,MEME,Memetic / PepeCoin
365,UPX,uPlexa
366,SOVE,Soverain
367,UFO,Uniform Fiscal Object
368,1337,Elite
369,XLR,Solaris
370,SPD,Stipend
371,MOTO,Motocoin
372,KB3,B3Coin
373,ETHO,Ether-1
374,SPHTX,SophiaTX
375,MLM,MktCoin
376,CANN,CannabisCoin
377,SPRTS,Sprouts
378,GIO,Graviocoin
379,XSH,SHIELD
380,NOR,Noir
381,XNV,Nerva
382,611,SixEleven
383,EBST,eBoost
384,HUSH,Hush
385,EDRC,EDRCoin
386,TIPS,FedoraCoin
387,KEK,KekCoin
388,UNI,Universe
389,CSPN,Crypto Sports
390,RYO,Ryo Currency
391,TCC,The ChampCoin
392,ZCR,ZCore
393,XLA,Scala
394,START,Startcoin
395,VIT,Vision Industry Token
396,FIII,Fiii
397,MAX,Maxcoin
398,ESN,Ethersocial
399,LTHN,Lethean
400,SUMO,Sumokoin
401,NTRN,Neutron
402,CREDIT,CREDIT
403,XMG,Magi
404,DUO,ParallelCoin
405,RPM,Repme
406,CARBON,Carboncoin
407,VULC,VULCANO
408,BZE,BZEdge
409,EUNO,EUNO
410,GTM,Gentarium
411,XBI,Bitcoin Incognito
412,BCZ,Bitcoin CZ
413,ESP,Espers
414,ENRG,Energycoin
415,YOC,Yocoin
416,TROLL,Trollcoin
417,MONK,Monkey Project
418,FJC,FujiCoin
419,FRST,FirstCoin
420,LHT,LHT
421,BTCS,Bitcoin Scrypt
422,MANNA,Manna
423,DOPE,DopeCoin
424,CCRB,CryptoCarbon
425,VOT,VoteCoin
426,VRM,VeriumReserve
427,ARO,Arionum
428,AUX,Auxilium
429,EVT,EveriToken
430,BITS,Bitstar
431,BUZZ,BUZZCoin
432,NTR,Netrum
433,DCY,Dinastycoin
434,EGC,EverGreenCoin
435,AYA,Aryacoin
436,ADC,AudioCoin
437,ZENI,Zennies
438,BWK,Bulwark
439,MEC,Megacoin
440,CPC,Capricoin
441,AIB,Advanced Internet Blocks
442,PXC,Phoenixcoin
443,GIC,Giant
444,BSD,BitSend
445,PENG,PENG
446,LDOGE,LiteDoge
447,PTC,Pesetacoin
448,BOLI,Bolivarcoin
449,SCR,Scorum Coins
450,BLU,BlueCoin
451,GZRO,Gravity
452,PUT,PutinCoin
453,NETKO,Netko
454,DGC,Digitalcoin
455,BIO,BioCoin
456,BSTY,GlobalBoost-Y
457,MNC,Mincoin
458,IOP,Internet of People
459,MFC,MFCoin
460,CTX,Centauri
461,GLT,GlobalToken
462,CROAT,CROAT
463,POSW,PoSW Coin
464,X42,x42 Protocol
465,ZNZ,ZENZO
466,ZNY,Bitzeny
467,NBX,Netbox Coin
468,HNC,Helleniccoin
469,CMM,Commercium
470,CXP,CaixaPay
471,TZC,TrezarCoin
472,FGC,FantasyGold
473,PHO,Photon
474,ZET,Zetacoin
475,RAIN,Condensate
476,HYP,HyperStake
477,XCN,Cryptonite
478,DEAL,iDealCash
479,GEX,Gexan
480,BTB,BitBar
481,UNIFY,Unify
482,LMC,LoMoCoin
483,CATO,CatoCoin
484,UNIT,Universal Currency
485,USC,Ultimate Secure Cash
486,PCN,PeepCoin
487,SNRG,Synergy
488,EMD,Emerald Crypto
489,XGOX,XGOX
490,SND,SnodeCoin
491,BECN,Beacon
492,DFT,DraftCoin
493,GBX,GoByte
494,ZEIT,Zeitcoin
495,EGEM,EtherGem
496,GXX,GravityCoin
497,POP,PopularCoin
498,NCP,Newton Coin Project
499,PURA,Pura
500,LABX,Stakinglab
501,ANON,ANON
502,V,Version
503,WBL,WIZBL
504,DOGEC,DogeCash
505,GCN,GCN Coin
506,MMO,MMOCoin
507,ATB,ATBCoin
508,LANA,LanaCoin
509,NBR,Niobio Cash
510,VIVID,Vivid Coin
511,PRX,ProxyNode
512,HELP,Helpico
513,GALI,Galilel
514,XSD,SounDAC
515,BTCN,BitcoiNote
516,PWR,PWR Coin
517,EL,Elcoin
518,GIN,GINcoin
519,ASAFE,AllSafe
520,BLOC,BLOC.MONEY
521,ARCO,AquariusCoin
522,SEND,Social Send
523,SHMN,StrongHands Masternode
524,BRO,Bitradio
525,PND,Pandacoin
526,WXC,WXCOINS
527,INSN,InsaneCoin
528,QUAN,Quantis Network
529,KOBO,Kobocoin
530,WEB,Webchain
531,DEV,DeviantCoin
532,CRAVE,Crave
533,XDNA,XDNA
534,KLKS,Kalkulus
535,TRUMP,TrumpCoin
536,BZX,Bitcoin Zero
537,EQT,EquiTrader
538,BBS,BBSCoin
539,SWING,Swing
540,RPI,RPICoin
541,TAG,TagCoin
542,OPCX,OPCoinX
543,ACED,AceD
544,OPAL,Opal
545,RBIES,Rubies
546,RBT,Rimbit
547,TOKC,TOKYO
548,ADZ,Adzcoin
549,ARC,Advanced Technology Coin
550,WIRE,AirWire
551,TALK,BTCtalkcoin
552,FOR,FORCE
553,BLTG,Block-Logic
554,CHESS,ChessCoin
555,EVIL,Evil Coin
556,JEW,Shekel
557,BRIT,BritCoin
558,IRD,Iridium
559,CIV,Civitas
560,ANC,Anoncoin
561,EXO,Exosis
562,SIGT,Signatum
563,B2G,Bitcoiin
564,YTN,YENTEN
565,IC,Ignition
566,BLAST,BLAST
567,SWIFT,SwiftCash
568,AREPA,Arepacoin
569,PRIV,PRiVCY
570,BBK,Bitblocks
571,XGS,GenesisX
572,XAP,Apollon
573,STAK,STRAKS
574,HELP,GoHelpFund
575,MOIN,Moin
576,GBG,Golos Gold
577,2GIVE,2GIVE
578,BTW,BitWhite
579,ITI,iTicoin
580,VIDZ,PureVidz
581,ODN,Obsidian
582,BTK,Bitcoin Turbo Koin
583,LCP,Litecoin Plus
584,DEM,Deutsche eMark
585,XRA,Ratecoin
586,PSC,PrimeStone
587,GCC,GuccioneCoin
588,ORE,Galactrum
589,VSX,Vsync
590,RUP,Rupee
591,BTDX,Bitcloud
592,IFLT,InflationCoin
593,PAWS,PAWS Fund
594,GRLC,Garlicoin
595,PLURA,PluraCoin
596,SUPER,SuperCoin
597,BRIA,BriaCoin
598,STEEP,SteepCoin
599,ARQ,Arqma
600,DTC,Datacoin
601,XPY,PayCoin
602,XPTX,PlatinumBAR
603,ICR,InterCrone
604,ONX,Onix
605,DACHX,Dach Coin
606,CGEN,CommunityGeneration
607,AEG,Aegeus
608,XCO,X-Coin
609,CJ,Cryptojacks
610,SMC,SmartCoin
611,DP,DigitalPrice
612,MAY,Theresa May Coin
613,LNO,Livenodes
614,XUEZ,Xuez
615,GB,GoldBlocks
616,ELLA,Ellaism
617,C2,Coin2.1
618,DVT,DeVault
619,DRM,Dreamcoin
620,BERN,BERNcash
621,XTA,Italo
622,WDC,WorldCoin
623,KZC,KZ Cash
624,RUPX,Rupaya
625,GPKR,Gold Poker
626,BEN,BitCoen
627,CSTL,Castle
628,TTT,TrustNote
629,CASH,Cashcoin
630,ABS,Absolute
631,APR,APR Coin
632,BTA,Bata
633,ETI,EtherInc
634,REC,Regalcoin
635,SHB,SkyHub Coin
636,TX,TransferCoin
637,PNY,Peony
638,MEDIC,MedicCoin
639,BSM,Bitsum
640,ROCO,ROIyal Coin
641,DASHG,Dash Green
642,ZBA,Zoomba
643,IMPL,Impleum
644,SPR,SpreadCoin
645,XMCC,Monoeci
646,FUZZ,FuzzBalls
647,PKB,ParkByte
648,ACC,AdCoin
649,TIT,Titcoin
650,PROC,ProCurrency
651,GOSS,Gossipcoin
652,AMS,AmsterdamCoin
653,FBN,Fivebalance
654,CRM,Cream
655,MCPC,Mobile Crypto Pay Coin
656,POST,PostCoin
657,SPK,SparksPay
658,MXT,MarteXcoin
659,MNP,MNPCoin
660,XBTC21,Bitcoin 21
661,INN,Innova
662,WAGE,Digiwage
663,HODL,HOdlcoin
664,CPU,CPUchain
665,ACOIN,Acoin
666,CDM,CDMCOIN
667,ARION,Arion
668,NEVA,NevaCoin
669,BOST,BoostCoin
670,CHEESE,Cheesecoin
671,PAK,Pakcoin
672,PNX,Phantomx
673,DMB,Digital Money Bits
674,BND,Blocknode
675,EVOS,EVOS
676,XIND,INDINODE
677,CF,Californium
678,ELE,Elementrem
679,LINX,Linx
680,IQ,IQ.cash
681,EUC,Eurocoin
682,MOJO,MojoCoin
683,BLC,Blakecoin
684,J,Joincoin
685,EGX,EagleX
686,XUN,UltraNote Coin
687,DSR,Desire
688,LPC,Lightpaycoin
689,SCRIV,SCRIV NETWORK
690,NZL,Zealium
691,IRL,IrishCoin
692,XXX,AdultChain
693,CNT,Centurion
694,ZYD,Zayedcoin
695,SCRT,SecretCoin
696,MAG,Magnet
697,MOX,MoX
698,XG,GIGA
699,BSX,Bitspace
700,CTL,Citadel
701,LTCR,Litecred
702,BTAD,Bitcoin Adult
703,CARE,Carebit
704,HVCO,High Voltage
705,PHON,Phonecoin
706,SPDR,SPIDER VPS
707,DLC,Dollarcoin
708,VTA,Virtacoin
709,GSR,GeyserCoin
710,ICOB,ICOBID
711,IMX,Impact
712,IMS,Independent Money System
713,NUKO,Nekonium
714,TAJ,TajCoin
715,ARB,ARbit
716,BSC,BowsCoin
717,MST,MustangCoin
718,KTS,Klimatas
719,AMMO,Ammo Reloaded
720,QBC,Quebecoin
721,GRIM,Grimcoin
722,BZL,BZLCOIN
723,SKC,Skeincoin
724,SCS,SpeedCash
725,BUMBA,BumbaCoin
726,WOMEN,WomenCoin
727,CFL,CryptoFlow
728,ZUR,Zurcoin
729,ATH,Atheios
730,MILO,MiloCoin
731,CAZ,Cazcoin
732,RAGNA,Ragnarok
733,NYEX,Nyerium
734,BOAT,BOAT
735,OPC,OP Coin
736,DTEM,Dystem
737,CAB,Cabbage
738,ENT,Eternity
739,CMT,Comet
740,LUNA,Luna Coin
741,AKA,Akroma
742,PEX,PosEx
743,BWS,Bitcoin W Spectrum
744,PXI,Prime-XI
745,ICON,Iconic
746,VIVO,VIVO
747,VLT,Veltor
748,OCC,Octoin Coin
749,BENJI,BenjiRolls
750,KURT,Kurrent
751,CNNC,Cannation
752,VEC2,VectorAI
753,PAXEX,PAXEX
754,URALS,UralsCoin
755,WBB,Wild Beast Block
756,ELLI,Elliot Coin
757,LBTC,LiteBitcoin
758,PRJ,Project Coin
759,HONEY,Honey
760,HWC,HollyWoodCoin
761,CREVA,CrevaCoin
762,MRI,Mirai
763,BCARD,CARDbuyers
764,LTCU,LiteCoin Ultra
765,XRH,Rhenium
766,QBIC,Qbic
767,MERO,Mero
768,PLNC,PLNcoin
769,PRTX,Printex
770,VOLT,Bitvolt
771,SRC,SecureCoin
772,SONO,SONO
773,BIT,BitMoney
774,TRAID,Traid
775,ATOM,Atomic Coin
776,IBANK,iBank
777,WSP,Wispr
778,FLM,FolmCoin
779,LEVO,Levocoin
780,CXT,Coinonat
781,ARG,Argentum
782,OLMP,Olympic
783,XCXT,CoinonatX
784,COAL,BitCoal
785,DIN,Dinero
786,NANOX,Project-X
787,SOCC,SocialCoin
788,PUREX,Pure
789,PONZI,PonziCoin
790,LRM,LRM Coin
791,QNO,QYNO
792,SANDG,Save and Gain
793,ELS,Elysium
794,ERY,Eryllium
795,X12,X12 Coin
796,GMCN,GambleCoin
797,JIN,Jin Coin
798,XCG,Xchange
799,CONX,Concoin
800,GRPH,Graphcoin
801,BENZ,Benz
802,BTPL,Bitcoin Planet
803,ABY,ArtByte
804,LGS,LogisCoin
805,BIGUP,BigUp
806,ARGUS,Argus
807,MGM,Magnum
808,ACP,AnarchistsPrime
809,AZART,Azart
810,ZZC,ZoZoCoin
811,DDX,dietbitcoin
812,ITZ,Interzone
813,JIYO,Jiyo [OLD]
814,HMC,HarmonyCoin
815,PLACO,PlayerCoin
816,SONG,SongCoin
817,BLCR,Blacer Coin
818,OF,OFCOIN
819,CKUSD,CK USD
820,SERO,Super Zero
821,FOIN,FOIN
822,ADK,Aidos Kuneen
823,FIL,Filecoin [Futures]
824,VOLLAR,V-Dimension
825,VD,VinDax Coin
826,BU,BUMO
827,MCC,Magic Cube Coin
828,DOT,Polkadot [IOU]
829,E2C,Electronic Energy Coin
830,VLX,Velas
831,ZVC,ZVCHAIN
832,LTK,LinkToken
833,CENT,CENTERCOIN
834,FO,FIBOS
835,EOSC,EOS Force
836,VERS,Versess Coin
837,HDAC,Hdac
838,UBTC,United Bitcoin
839,SBTC,Super Bitcoin
840,AUNIT,Aunite
841,TOSC,T.OS
842,IOEX,IOEX
843,FTO,FuturoCoin
844,MSD,MSD
845,BCX,BitcoinX
846,BIFI,Bitcoin File
847,XIN,Infinity Economics
848,TV,Ti-Value
849,TCN,TCOIN
850,1X2,1X2 COIN
851,ZNN,Zenon
852,DTEP,DECOIN
853,TER,TerraNova
854,BIT,First Bitcoin
855,MERI,Merebel
856,CLUB,ClubCoin
857,SWTC,Jingtum Tech
858,PLUS1,PlusOneCoin
859,GOD,Bitcoin God
860,PROUD,PROUD Money
861,XMV,MoneroV
862,HNDC,HondaisCoin
863,OC,OceanChain
864,MCC,Moving Cloud Coin
865,BLAZR,BlazerCoin
866,SXC,Sexcoin
867,HLX,Hilux
868,TRO,TRUNK COIN
869,SNO,SaveNode
870,COTN,CottonCoin
871,VLU,Valuto
872,IFP,Infinipay
873,RBBT,RabbitCoin
874,XQN,Quotient
875,BUB,Bubble
876,AXIOM,Axiom
877,AV,AvatarCoin
878,FRN,Francs
879,ACES,Aces
880,TELL,Tellurion
881,EMB,EmberCoin
882,WINK,Wink
883,SIGMA,SIGMAcoin
884,WC,WINCOIN
885,SUP,Superior Coin
886,CNET,ContractNet
887,CCC,Concierge Coin
888,COBRA,Cobrabytes
889,AEC,EmaratCoin
890,SZC,ShopZcoin
891,XSM,SpectrumCash
892,HN,Hellenic Node
893,OCUL,Oculor
894,BET,BetaCoin
895,DMC,DynamicCoin
896,PCS,Pabyosi Coin (Special)
897,HALLO,Halloween Coin
898,BIRDS,Birds
899,ERA,ERA
900,BSN,Bastonet
901,DUTCH,Dutch Coin
902,RUNNERS,Runners
903,ACC,ACChain
904,CROP,Cropcoin
905,HRC,Haracoin
906,PDX,PayDay Coin
907,CIF,Crypto Improvement Fund
908,C2P,Coin2Play
909,CTT,Cryptoinvest
910,GFR,GoldenFever