Symbol,Name,BlockchainName
USDT,Tether,Omni
LEO,UNUS SED LEO,Ethereum
LINK,Chainlink,Ethereum
HT,Huobi Token,Ethereum
MKR,Maker,Ethereum
USDC,USD Coin,Ethereum
CRO,Crypto.com Coin,Ethereum
BAT,Basic Attention Token,Ethereum
PAX,Paxos Standard,Ethereum
HEDG,HedgeTrade,Ethereum
ZRX,0x,Ethereum
TUSD,TrueUSD,Ethereum
HOT,Holo,Ethereum
ZB,ZB,Ethereum
CENNZ,Centrality,Ethereum
SXP,Swipe,Ethereum
EKT,EDUCare,Ethereum
OMG,OmiseGO,Ethereum
SNX,Synthetix Network Token,Ethereum
KCS,KuCoin Shares,Ethereum
REP,Augur,Ethereum
BTT,BitTorrent,TRON
DAI,Dai,Ethereum
QNT,Quant,Ethereum
MAID,MaidSafeCoin,Omni
MCO,MCO,Ethereum
NEXO,Nexo,Ethereum
CRPT,Crypterium,Ethereum
FTT,FTX Token,Ethereum
AOA,Aurora,Ethereum
GNT,Golem,Ethereum
ENJ,Enjin Coin,Ethereum
REN,Ren,Ethereum
ELF,aelf,Ethereum
NEX,Nash Exchange,NEO
SNT,Status,Ethereum
NPXS,Pundi X,Ethereum
RIF,RIF Token,RSK Smart Bitcoin
SEELE,Seele,Ethereum
SOLVE,SOLVE,Ethereum
EURS,STASIS EURO,Ethereum
DGTX,Digitex Futures,Ethereum
CHZ,Chiliz,Ethereum
TNT,Tierion,Ethereum
MATIC,Matic Network,Ethereum
XMX,XMax,Ethereum
MANA,Decentraland,Ethereum
BCV,BitCapitalVendor,Ethereum
KNC,Kyber Network,Ethereum
ODE,ODEM,Ethereum
BRD,Bread,Ethereum
WTC,Waltonchain,Ethereum
WIN,WINk,TRON
LRC,Loopring,Ethereum
DX,DxChain Token,Ethereum
CVC,Civic,Ethereum
DCN,Dentacoin,Ethereum
DGD,DigixDAO,Ethereum
RLC,iExec RLC,Ethereum
R,Revain,Ethereum
FET,Fetch,Ethereum
LOOM,Loom Network,Ethereum
FUN,FunFair,Ethereum
ENG,Enigma,Ethereum
ANT,Aragon,Ethereum
QASH,QASH,Ethereum
BNT,Bancor,Ethereum
MOF,Molecular Future,Ethereum
FTM,Fantom,Ethereum
HYN,Hyperion,Ethereum
PPT,Populous,Ethereum
GT,Gatechain Token,Ethereum
ORBS,Orbs,Ethereum
DENT,Dent,Ethereum
DRG,Dragon Coins,Ethereum
IOTX,IoTeX,Ethereum
RCN,Ripio Credit Network,Ethereum
POWR,Power Ledger,Ethereum
SAN,Santiment Network Token,Ethereum
LINA,LINA,Ethereum
IGNIS,Ignis,Ardor
UNI,UNI COIN,Ethereum
C20,CRYPTO20,Ethereum
STORJ,Storj,Ethereum
BIX,Bibox Token,Ethereum
GNO,Gnosis,Ethereum
TEL,Telcoin,Ethereum
ROX,Robotina,Ethereum
ADN,Aladdin,Ethereum
LAMB,Lambda,Ethereum
MDA,Moeda Loyalty Points,Ethereum
MTL,Metal,Ethereum
EDO,Eidoo,Ethereum
YOU,YOU COIN,Ethereum
KAN,BitKan,Ethereum
ONE,Harmony,Binance Coin
CELR,Celer Network,Ethereum
COCOS,Cocos-BCX,Ethereum
WXT,Wirex Token,Stellar
MED,MediBloc,Qtum
RET,RealTract,Ethereum
DPT,Diamond Platform Token,Ethereum
CND,Cindicator,Ethereum
ABT,Arcblock,Ethereum
CS,Credits,Ethereum
BMC,Blackmoon,Ethereum
QKC,QuarkChain,Ethereum
GAS,Gas,NEO
MEXC,MEXC Token,Ethereum
INO,INO COIN,Ethereum
INB,Insight Chain,Ethereum
THX,ThoreNext,Ethereum
THR,ThoreCoin,Ethereum
OSC,Oasis City,Ethereum
EON,Dimension Chain,Ethereum
XIN,Mixin,Ethereum
KBC,Karatgold Coin,Ethereum
SLV,Silverway,Ethereum
GAP,GAPS,Ethereum
MXM,Maximine Coin,Ethereum
BXK,Bitbook Gambling,Ethereum
BF,BitForex Token,Ethereum
FXC,Flexacoin,Ethereum
DTR,Dynamic Trading Rights,Ethereum
CCCX,Clipper Coin,Ethereum
OKB,OKB,Ethereum
MB,MineBee,Ethereum
JWL,Jewel,Ethereum
NET,NEXT,Ethereum
MX,MX Token,Ethereum
CIX100,Cryptoindex.com 100,Ethereum
BCZERO,Buggyra Coin Zero,Ethereum
BZ,Bit-Z Token,Ethereum
VERI,Veritaseum,Ethereum
WIX,Wixlar,Ethereum
JCT,Japan Content Token,Ethereum
USDK,USDK,Ethereum
AGVC,AgaveCoin,Ethereum
LA,LATOKEN,Ethereum
BQTX,BQT,Ethereum
QBIT,Qubitica,Ethereum
BOTX,botXcoin,Ethereum
BNK,Bankera,Ethereum
FAB,FABRK,Ethereum
BHT,BHEX Token,Ethereum
XAC,General Attention Currency,Ethereum
VEST,VestChain,Ethereum
TLOS,Telos,EOS
FST,1irstcoin,Ethereum
XET,ETERNAL TOKEN,Ethereum
EVN,Envion,Ethereum
FNB,FNB Protocol,Ethereum
ULT,Ultiledger,Ethereum
SXDT,Spectre.ai Dividend Token,Ethereum
ECOREAL,Ecoreal Estate,Ethereum
BTU,BTU Protocol,Ethereum
ATP,Atlas Protocol,Nebulas
TRAT,Tratin,Ethereum
UIP,UnlimitedIP,Ethereum
XCHF,CryptoFranc,Ethereum
DAPS,DAPS Token,Ethereum
AGI,SingularityNET,Ethereum
BUSD,Binance USD,Ethereum
TKN,Monolith,Ethereum
PLA,PlayChip,Ethereum
UTT,United Traders Token,Ethereum
POLY,Polymath,Ethereum
BTR,Bitrue Coin,Ethereum
ZRC,ZrCoin,Waves
XLAB,XcelToken Plus,Ethereum
FX,Function X,Ethereum
BFT,BnkToTheFuture,Ethereum
PAY,TenX,Ethereum
DAC,Davinci Coin,Ethereum
B2B,B2BX,Ethereum
ERD,Elrond,Binance Coin
COS,Contentos,Binance Coin
NEC,Nectar,Ethereum
UTK,Utrust,Ethereum
RHOC,RChain,Ethereum
GUSD,Gemini Dollar,Ethereum
VALOR,Valor Token,Ethereum
CRE,Carry,Ethereum
CTXC,Cortex,Ethereum
IQ,Everipedia,EOS
REQ,Request,Ethereum
PRS,PressOne,Ethereum
ZT,ZTCoin,Ethereum
UGAS,UGAS,Ethereum
LEND,Aave,Ethereum
CDT,Blox,Ethereum
TRV,TrustVerse,Ethereum
ANKR,Ankr,Ethereum
CWV,CWV Chain,Ethereum
ITC,IoT Chain,Ethereum
CVNT,Content Value Network,Ethereum
DATA,Streamr DATAcoin,Ethereum
GMAT,GoWithMi,Ethereum
DRGN,Dragonchain,Ethereum
STORM,Storm,Ethereum
MEDX,MediBloc [ERC20],Ethereum
MITH,Mithril,Ethereum
FOAM,FOAM,Ethereum
PERL,Perlin,Ethereum
FSN,Fusion,Ethereum
AEN,Aencoin,Ethereum
RSR,Reserve Rights,Ethereum
EUM,Elitium,Ethereum
MFT,Mainframe,Ethereum
GNY,GNY,Ethereum
TRIO,Tripio,Ethereum
EGT,Egretia,Ethereum
1ST,FirstBlood,Ethereum
HUM,Humanscape,Ethereum
GTO,Gifto,Ethereum
RDN,Raiden Network Token,Ethereum
WABI,Tael,Ethereum
EVX,Everex,Ethereum
POE,Po.et,Ethereum
HYDRO,Hydro,Ethereum
TCT,TokenClub,Ethereum
DAG,Constellation,Ethereum
TNB,Time New Bank,Ethereum
OST,OST,Ethereum
BORA,BORA,Ethereum
XPX,ProximaX,NEM
PLR,Pillar,Ethereum
BITCNY,bitCNY,BitShares
DOCK,Dock,Ethereum
CBT,CommerceBlock,Ethereum
EVR,Everus,Ethereum
FOR,Force Protocol,Ethereum
RUFF,Ruff,Ethereum
PEOS,pEOS,EOS
QSP,Quantstamp,Ethereum
LOCUS,Locus Chain,Ethereum
PPP,PayPie,Ethereum
TEN,Tokenomy,Ethereum
OCEAN,Ocean Protocol,Ethereum
SOC,All Sports,Ethereum
MDT,Measurable Data Token,Ethereum
TOP,TOP,Ethereum
DUSK,Dusk Network,Ethereum
LEVL,Levolution,Ethereum
TAAS,TaaS,Ethereum
TKY,THEKEY,NEO
SALT,SALT,Ethereum
INCNT,Incent,Waves
INS,Insolar,Ethereum
SNL,Sport and Leisure,Ethereum
ELI,Eligma Token,Ethereum
BDP,BidiPass,Ethereum
OGO,Origo,Ethereum
LBA,Cred,Ethereum
STPT,STPT,Ethereum
SENSE,Sense,EOS
S4F,S4FE,Ethereum
DAPP,LiquidApps,EOS
NOAH,Noah Coin,Ethereum
NPX,NaPoleonX,Ethereum
REPO,REPO,Stellar
MWAT,Restart Energy MWAT,Ethereum
IHF,Invictus Hyperion Fund,Ethereum
SNGLS,SingularDTV,Ethereum
LKY,Linkey,Ethereum
LOC,LockTrip,Ethereum
MTH,Monetha,Ethereum
ADX,AdEx,Ethereum
QQQ,Poseidon Network,Ethereum
SIX,SIX,Stellar
MTC,doc.com Token,Ethereum
PMA,PumaPay,Ethereum
DGX,Digix Gold Token,Ethereum
UDOO,Howdoo,Ethereum
MET,Metronome,Ethereum
MBL,MovieBloc,Ethereum
TDX,Tidex Token,Waves
NCASH,Nucleus Vision,Ethereum
USDQ,USDQ,Ethereum
BLZ,Bluzelle,Ethereum
PRO,Propy,Ethereum
CPT,Contents Protocol,Ethereum
DBC,DeepBrain Chain,NEO
BAND,Band Protocol,Ethereum
IDEX,IDEX,Ethereum
PHX,Red Pulse Phoenix,NEO
CHSB,SwissBorg,Ethereum
NMR,Numeraire,Ethereum
UUU,U Network,Ethereum
MRPH,Morpheus.Network,Ethereum
OCN,Odyssey,Ethereum
VEE,BLOCKv,Ethereum
GVT,Genesis Vision,Ethereum
AERGO,Aergo,Ethereum
LTO,LTO Network,Ethereum
VIBE,VIBE,Ethereum
AT,Artfinity,Ethereum
OAX,OAX,Ethereum
DEC,Darico Ecosystem Coin,Ethereum
MLN,Melon,Ethereum
AMB,Ambrosus,Ethereum
ETHOS,Ethos,Ethereum
STACS,STACS,Ethereum
VIB,Viberate,Ethereum
CAS,Cashaa,Ethereum
MPAY,MenaPay,Ethereum
WBTC,Wrapped Bitcoin,Ethereum
NPXSXEM,Pundi X NEM,NEM
BOX,BOX Token,Ethereum
WPR,WePower,Ethereum
COSM,Cosmo Coin,Ethereum
SWM,Swarm,Ethereum
SNM,SONM,Ethereum
CVT,CyberVein,Ethereum
SMT,SmartMesh,Ethereum
BET,DAO.Casino,Ethereum
XDCE,XinFin Network,Ethereum
SUSD,sUSD,Ethereum
QLC,QLC Chain,NEO
GOT,ParkinGo,Ethereum
PST,Primas,Ethereum
SNET,Snetwork,Ethereum
NEU,Neumark,Ethereum
DROP,Dropil,Ethereum
AVA,Travala.com,NEO
AUTO,Cube,Ethereum
LYM,Lympo,Ethereum
DADI,Edge,Ethereum
MOC,Moss Coin,Ethereum
KEY,Selfkey,Ethereum
FUEL,Etherparty,Ethereum
DNT,district0x,Ethereum
QUN,QunQun,Ethereum
YOYOW,YOYOW,BitShares
EMRX,Emirex Token,Ethereum
PEPECASH,Pepe Cash,Counterparty
HBT,Hubii Network,Ethereum
INE,IntelliShare,Ethereum
AST,AirSwap,Ethereum
SRN,SIRIN LABS Token,Ethereum
LXT,Litex,Ethereum
CREDO,Credo,Ethereum
GET,GET Protocol,Ethereum
CLR,Color Platform,Ethereum
RPL,Rocket Pool,Ethereum
DEX,DEX,Ethereum
PLY,PlayCoin [ERC20],Ethereum
SWFTC,SwftCoin,Ethereum
SEAL,Sealchain,Ethereum
BOLT,BOLT,Ethereum
USDS,StableUSD,Ethereum
JNT,Jibrel Network,Ethereum
DDD,Scry.info,Ethereum
ZIP,Zipper,Ethereum
ARN,Aeron,Ethereum
ATCC,ATC Coin,Ethereum
APPC,AppCoins,Ethereum
APIS,APIS,Ethereum
CAJ,Cajutel,Ethereum
BOX,ContentBox,Ethereum
HMC,Hi Mutual Society,Ethereum
QCX,QuickX Protocol,Ethereum
BMX,BitMart Token,Ethereum
XYO,XYO,Ethereum
VDG,VeriDocGlobal,Ethereum
DLT,Agrello,Ethereum
XAUR,Xaurum,Ethereum
INF,Infinitus Token,Ethereum
BNANA,Chimpion,Ethereum
BCPT,BlockMason Credit Protocol,Ethereum
DTA,DATA,Ethereum
TERN,Ternio,Stellar
ORS,Origin Sport,Ethereum
DMT,DMarket,Ethereum
TIOX,Trade Token X,Ethereum
CNN,Content Neutrality Network,Ethereum
WINGS,Wings,Ethereum
HLT,Esportbits,Ethereum
RFR,Refereum,Ethereum
RBLX,Rublix,Ethereum
VNT,VNT Chain,Ethereum
ZUC,ZeuxCoin,Ethereum
ERC20,ERC20,Ethereum
BZNT,Bezant,Ethereum
MTV,MultiVAC,Ethereum
UPP,Sentinel Protocol,Ethereum
VID,VideoCoin,Ethereum
PLBT,Polybius,Ethereum
PNT,Penta,Ethereum
KRI,Krios,Ethereum
PCH,POPCHAIN,Ethereum
KCASH,Kcash,Ethereum
SOUL,Phantasma,NEO
MITX,Morpheus Labs,Ethereum
LYL,LoyalCoin,NEM
COS,COS,Ethereum
BAAS,BaaSid,Ethereum
RNT,OneRoot Network,Ethereum
GNX,Genaro Network,Ethereum
BITUSD,bitUSD,BitShares
EDR,Endor Protocol,Ethereum
TRAC,OriginTrail,Ethereum
GTC,Game.com,Ethereum
DICE,Etheroll,Ethereum
VIDT,V-ID,Ethereum
MOBI,Mobius,Stellar
HOT,Hydro Protocol,Ethereum
CAG,Change,Ethereum
QDAO,Q DAO Governance token v1.0,Ethereum
NCT,PolySwarm,Ethereum
SENT,Sentinel,Ethereum
MDS,MediShares,Ethereum
CHR,Chromia,Ethereum
PVT,Pivot Token,Ethereum
BWX,Blue Whale EXchange,Ethereum
DPY,Delphy,Ethereum
GSC,Global Social Chain,Ethereum
DREAM,DreamTeam Token,Ethereum
RTH,Rotharium,Ethereum
UOS,Ultra,Ethereum
CSP,Caspian,Ethereum
SNC,SunContract,Ethereum
YEED,YGGDRASH,Ethereum
ECOM,Omnitude,Ethereum
TFD,TE-FOOD,Ethereum
AMIO,Amino Network,Ethereum
FAT,Fatcoin,Ethereum
PTT,Proton Token,Ethereum
IDH,indaHash,Ethereum
CONST,Constant,Ethereum
TAC,Traceability Chain,Ethereum
ZCN,0Chain,Ethereum
LET,LinkEye,Ethereum
GBC,Gold Bits Coin,Ethereum
UCASH,UNIVERSAL CASH,Ethereum
UTNP,Universa,Ethereum
SNTVT,Sentivate,Ethereum
SKM,Skrumble Network,Ethereum
OLT,OneLedger,Ethereum
BQQQ,Bitsdaq,Ethereum
EOSDAC,eosDAC,Ethereum
ECOB,Ecobit,NEM
SLT,Smartlands,Stellar
LIF,Winding Tree,Ethereum
SUB,Substratum,Ethereum
MEETONE,MEET.ONE,EOS
LND,Lendingblock,Ethereum
XBASE,Eterbase Coin,Ethereum
AFIN,Asian Fintech,Ethereum
CPT,Cryptaur,Ethereum
UKG,Unikoin Gold,Ethereum
ADT,adToken,Ethereum
ART,Maecenas,Ethereum
PI,PCHAIN,Ethereum
GEN,DAOstack,Ethereum
MVL,MVL,Ethereum
PRA,ProChain,Ethereum
MXC,Machine Xchange Coin,Ethereum
HBX,HashBX,Ethereum
ISR,Insureum,Ethereum
CPC,CPChain,Ethereum
LUN,Lunyr,Ethereum
ABYSS,Abyss Token,Ethereum
DTX,DaTa eXchange,Ethereum
NOKU,Noku,Ethereum
CSNO,BitDice,Ethereum
SPANK,SpankChain,Ethereum
BLT,Bloom,Ethereum
QNTU,Quanta Utility Token,Ethereum
TCASH,TCASH,Ethereum
ATN,ATN,Ethereum
FLC,Flowchain,Ethereum
TEMCO,TEMCO,Ethereum
BOK,Blockium,Ethereum
FTI,FansTime,Ethereum
MRK,MARK.SPACE,Ethereum
IHT,IHT Real Estate Protocol,Ethereum
PBT,Primalbase Token,Waves
CZR,CanonChain,Ethereum
GRID,Grid+,Ethereum
NGC,NAGA,Ethereum
WWB,Wowbit,NEO
OVC,OVCODE,Ethereum
SCC,STEM CELL COIN,NEO
GARD,Hashgard,Ethereum
RUNE,THORChain,Binance Coin
REM,Remme,Ethereum
EOSDT,EOSDT,EOS
PCL,Peculium,Ethereum
SSP,Smartshare,Ethereum
EDG,Edgeless,Ethereum
NASH,NeoWorld Cash,Ethereum
INSTAR,Insights Network,Ethereum
IQN,IQeon,Ethereum
LRN,Loopring [NEO],NEO
AIDOC,AI Doctor,Ethereum
GENE,Gene Source Code Chain,Ethereum
XES,Proxeus,Ethereum
BOA,BOSAGORA,Ethereum
CPX,Apex,NEO
AMLT,AMLT,Ethereum
KICK,KickToken,Ethereum
MVP,Merculet,Ethereum
AMO,AMO Coin,Ethereum
ABL,Airbloc,Ethereum
VGW,VegaWallet Token,Ethereum
LIT,Lition,Ethereum
INK,Ink,Qtum
OPQ,Opacity,Ethereum
NSR,NuShares,NuBits
UBT,Unibright,Ethereum
1SG,1SG,Ethereum
HYT,HoryouToken,Ethereum
MGO,MobileGo,Ethereum
HLC,Qitmeer,Ethereum
HVN,Hiveterminal Token,Ethereum
PNK,Kleros,Ethereum
MYST,Mysterium,Ethereum
CLN,Colu Local Network,Ethereum
COV,Covesting,Ethereum
YEE,YEE,Ethereum
TRST,WeTrust,Ethereum
EVY,EveryCoin,Ethereum
TAS,Tarush,TRON
HSC,HashCoin,Ethereum
XDB,DigitalBits,Ethereum
KRL,Kryll,Ethereum
CV,carVertical,Ethereum
EFX,Effect.AI,EOS
CHP,CoinPoker,Ethereum
CRD,CryptalDash,Ethereum
SXUT,Spectre.ai Utility Token,Ethereum
SHA,Safe Haven,VeChain
SHIP,ShipChain,Ethereum
ELAC,ELA Coin,Ethereum
EDN,Eden,Ethereum
BOOM,BOOM,Ethereum
SKCH,Skychain,Ethereum
AZ,Azbit,Ethereum
LIKE,LikeCoin,Ethereum
IMT,Moneytoken,Ethereum
SPND,Spendcoin,Ethereum
MTN,Medicalchain,Ethereum
KT,Kuai Token,Ethereum
HXRO,Hxro,Ethereum
AXPR,aXpire,Ethereum
EXRN,EXRNchain,Ethereum
PARETO,PARETO Rewards,Ethereum
SHX,Stronghold Token,Stellar
MAS,MidasProtocol,Ethereum
AAC,Acute Angle Cloud,Ethereum
BXC,BonusCloud,Ethereum
NBC,Niobium Coin,Ethereum
FDZ,Friendz,Ethereum
BBK,Brickblock,Ethereum
HSN,Hyper Speed Network,Ethereum
DAX,DAEX,Ethereum
LML,Lisk Machine Learning,Ethereum
PLA,Plair,VeChain
FXT,FuzeX,Ethereum
CPAY,Cryptopay,Ethereum
NCC,NeuroChain,Ethereum
FTN,Fountain,Ethereum
UBEX,Ubex,Ethereum
SPC,SpaceChain,Qtum
EKO,EchoLink,Ethereum
WGP,W Green Pay,Ethereum
BTT,Blocktrade Token,Ethereum
AMON,AmonD,Ethereum
TFB,TrueFeedBack,Ethereum
DAGT,Digital Asset Guarantee Token,Ethereum
NOS,nOS,NEO
DACS,DACSEE,Ethereum
GAT,Global Awards Token,Ethereum
UGC,ugChain,Ethereum
CAN,CanYaCoin,Ethereum
PIB,PIBBLE,Ethereum
TIME,Chronobank,Ethereum
VSF,VeriSafe,Ethereum
TAU,Lamden,Ethereum
QCH,QChi,Ethereum
SWT,Swarm City,Ethereum
SWTH,Switcheo,NEO
TFL,TrueFlip,Ethereum
NOIA,NOIA Network,Ethereum
BKX,BANKEX,Ethereum
NEAL,Coineal Token,Ethereum
PXL,PIXEL,Ethereum
ALIS,ALIS,Ethereum
CEEK,CEEK VR,Ethereum
OSA,Optimal Shelf Availability Token,Ethereum
HOLD,HOLD,Ethereum
IONC,IONChain,Ethereum
TOL,Tolar,Ethereum
HMQ,Humaniq,Ethereum
CBC,CashBet Coin,Ethereum
LEO,LEOcoin,Ethereum
VZT,Vezt,Ethereum
BNTY,Bounty0x,Ethereum
KAT,Kambria,Ethereum
NTK,Neurotoken,Ethereum
GPYX,GoldenPyrex,Ethereum
FTX,FintruX Network,Ethereum
QBX,qiibee,Ethereum
BOMB,BOMB,Ethereum
MLC,Mallcoin,Ethereum
COVA,COVA,Ethereum
DAT,Datum,Ethereum
ROBET,RoBET,Ethereum
HORUS,HorusPay,EOS
NKC,Nework,Ethereum
CBM,CryptoBonusMiles,Binance Coin
UND,Unification,Ethereum
ATL,ATLANT,Ethereum
ZCO,Zebi,Ethereum
RTE,Rate3,Ethereum
CEN,Coinsuper Ecosystem Network,Ethereum
TRY,Trias,Ethereum
OIO,Online,Ethereum
SENC,Sentinel Chain,Ethereum
FNKOS,FNKOS,Ethereum
RMT,SureRemit,Stellar
STK,STK,Ethereum
FOTA,Fortuna,Ethereum
DIG,Dignity,Ethereum
GMB,GMB,Ethereum
NUG,Nuggets,Ethereum
RED,RED,Ethereum
WCT,Waves Community Token,Waves
KUBO,KuboCoin,Ethereum
GMB,GAMB,Ethereum
AMPL,Ampleforth,Ethereum
NEXT,Next.exchange,Ethereum
UQC,Uquid Coin,Ethereum
LEDU,Education Ecosystem,Ethereum
BCS,Business Credit Substitute,Ethereum
ZPR,ZPER,Ethereum
CXO,CargoX,Ethereum
KICKS,Sessia,Ethereum
CVN,CVCoin,BitShares
AID,AIDUS TOKEN,Ethereum
VNT,Vanta Network,Ethereum
BAX,BABB,Ethereum
CAPP,Cappasity,Ethereum
STA,Starta,Waves
SWACE,Swace,Ethereum
COFI,CoinFi,Ethereum
AKRO,Akropolis,Ethereum
CARD,Cardstack,Ethereum
BXY,Beaxy,Ethereum
PTON,PTON,Ethereum
ETBS,Ethbits,Ethereum
IGG,IG Gold,TRON
REAL,REAL,Ethereum
BCY,BitCrystals,Counterparty
1WO,1World,Ethereum
MESG,MESG,Ethereum
ROCK2,ICE ROCK MINING,Ethereum
ABDT,Atlantis Blue Digital Token,Stellar
XRA,Xriba,Ethereum
IPL,VouchForMe,Ethereum
DNA,EncrypGen,Ethereum
STX,Stox,Ethereum
FREE,FREE Coin,Ethereum
MTX,Matryx,Ethereum
UP,UpToken,Ethereum
TYPE,Typerium,Ethereum
FTT,FarmaTrust,Ethereum
WET,WeShow Token,Ethereum
DBET,DecentBet,VeChain
BCDT,Blockchain Certified Data Token,Ethereum
IVY,Ivy,Ethereum
ZLA,Zilla,Ethereum
RFOX,RedFOX Labs,Komodo
ORMEUS,Ormeus Coin,Ethereum
DATX,DATx,Ethereum
SVD,savedroid,Ethereum
WYS,wys Token,Ethereum
PAYX,Paypex,Ethereum
AWC,Atomic Wallet Coin,Ethereum
TNC,Trinity Network Credit,NEO
WIB,Wibson,Ethereum
WFX,Webflix Token,Ethereum
GEO,GeoCoin,Ubiq
0xBTC,0xBitcoin,Ethereum
C8,Carboneum [C8] Token,Ethereum
HKN,Hacken,Ethereum
PLU,Pluton,Ethereum
AOG,smARTOFGIVING,Ethereum
FACE,Faceter,Ethereum
UBC,Ubcoin Market,Ethereum
AC3,AC3,ICON
THRT,Thrive Token,Ethereum
IETH,iEthereum,Ethereum
HNB,HashNet BitEco,Ethereum
IFOOD,Ifoods Chain,Ethereum
OPEN,Open Platform,Ethereum
VDX,Vodi X,Ethereum
LEV,Leverj,Ethereum
OWN,OWNDATA,Ethereum
WNL,WinStars.live,Ethereum
DXT,Datawallet,Ethereum
EBC,EBCoin,Ethereum
AVT,Aventus,Ethereum
SS,Sharder,Ethereum
EVN,EvenCoin,Ethereum
INXT,Internxt,Ethereum
SPD,SPINDLE,Ethereum
AID,AidCoin,Ethereum
PROM,Prometeus,Ethereum
MVC,Maverick Chain,Ethereum
AMN,Amon,Ethereum
MTC,MTC Mesh Network,Ethereum
PLTC,PlatonCoin,Ethereum
ACAT,Alphacat,NEO
DRPU,DCORP Utility,Ethereum
QBT,Qbao,Qtum
LQD,Liquidity Network,Ethereum
CNUS,CoinUs,Ethereum
DRT,DomRaider,Ethereum
PRE,Presearch,Ethereum
MPG,Max Property Group,Ardor
CPY,COPYTRACK,Ethereum
EQUAD,QuadrantProtocol,Ethereum
UFR,Upfiring,Ethereum
HBZ,HBZ coin,Ethereum
NANJ,NANJCOIN,Ethereum
PYN,PAYCENT,Ethereum
A,Alpha Token,Ethereum
ZSC,Zeusshield,Ethereum
BWT,Bittwatt,Ethereum
DAB,DABANKING,Ethereum
OMX,Shivom,Ethereum
LIFE,LIFE,Ethereum
IXT,IXT,Ethereum
NEWS,PUBLISH,EOS
FLP,FLIP,Ethereum
PTI,Paytomat,EOS
XBX,Bitex Global XBX Coin,Ethereum
KLN,Kolion,Waves
VLD,Vetri,Ethereum
ICNQ,Iconiq Lab Token,Ethereum
WLO,WOLLO,Stellar
ATM,ATMChain,Ethereum
FYP,FlypMe,Ethereum
PLAY,HEROcoin,Ethereum
PDATA,PDATA,Ethereum
ESS,Essentia,Ethereum
RLX,Relex,Ethereum
BC,Block-Chain.com,Ethereum
TM2,TRAXIA,Binance Coin
PHI,PHI Token,Ethereum
PTOY,Patientory,Ethereum
CLB,Cloudbric,Ethereum
BOXX,Blockparty (BOXX Token),Ethereum
FLIXX,Flixxo,Ethereum
RBG,Rankingball Gold,Ethereum
GOT,GoNetwork,Ethereum
WSD,White Standard,Stellar
DIT,Digital Insurance Token,Ethereum
ELEC,Electrify.Asia,Ethereum
DOS,DOS Network,Ethereum
VNX,VisionX,Ethereum
PRG,Paragon,Ethereum
BBC,TraDove B2BCoin,Ethereum
PRIX,Privatix,Ethereum
HERO,Hero,Ethereum
GEM,Gems,Ethereum
AMP,HyperSpace,Omni
SKB,Sakura Bloom,Ethereum
SPN,Sapien,Ethereum
TTV,TV-TWO,Ethereum
PING,CryptoPing,Waves
SPIKE,Spiking,Ethereum
KARMA,KARMA,EOS
XNK,Ink Protocol,Ethereum
RATING,DPRating,Ethereum
WCO,Winco,Ethereum
EGG,Nestree,Ethereum
AIT,AICHAIN,Ethereum
BANCA,Banca,Ethereum
FKX,FortKnoxster,Ethereum
BPT,Blockport,Ethereum
CMCT,Crowd Machine,Ethereum
AVINOC,AVINOC,Ethereum
BLUE,Blue Protocol,Ethereum
ZEON,ZEON,Ethereum
RMESH,RightMesh,Ethereum
KZE,Almeela,Ethereum
ZMN,ZMINE,Ethereum
ZIPT,Zippie,Ethereum
NER,Nerves,Ethereum
HQX,HOQU,Ethereum
LNX,LNX Protocol,Ethereum
MER,Mercury,Waves
BNY,Bancacy,Ethereum
LION,Coin Lion,Ethereum
GENE,Parkgene,Ethereum
NOW,NOW Token,Ethereum
RAVEN,Raven Protocol,Binance Coin
J8T,JET8,Ethereum
UOS,UOS Network,Ethereum
PYLNT,Pylon Network,Ethereum
ETK,EnergiToken,Ethereum
COB,Cobinhood,Ethereum
XD,Data Transaction Token,Ethereum
GBT,Globatalent,Ethereum
RVT,Rivetz,Ethereum
EXY,Experty,Ethereum
IND,Indorse Token,Ethereum
MAC,Matrexcoin,Ethereum
ADB,adbank,Ethereum
BITX,BitScreener Token,Ethereum
OCT,OracleChain,BitShares
ASG,Asgard,Ethereum
SCT,Soma,Ethereum
TSL,Energo,Qtum
MFTU,Mainstream For The Underground,Ethereum
CATT,Catex Token,Ethereum
IDXM,IDEX Membership,Ethereum
ERT,Eristica,Ethereum
STO,Storeum,Ethereum
PASS,Blockpass,Ethereum
ONOT,ONOToken,Ethereum
ZAP,Zap,Ethereum
INX,INMAX,Ethereum
BBN,Banyan Network,Ethereum
LCS,LocalCoinSwap,Ethereum
GUP,Matchpool,Ethereum
IOG,Playgroundz,Ethereum
NIO,Autonio,Ethereum
HNST,Honest,Binance Coin
LFC,Linfinity,Ethereum
ATX,Aston,Ethereum
PKT,Playkey,Ethereum
XPA,XPA,Ethereum
KUE,Kuende,Ethereum
TGAME,Truegame,Ethereum
BETHER,Bethereum,Ethereum
ACE,ACE (TokenStars),Ethereum
MNC,Maincoin,Ethereum
NEOX,NEOX,Stellar
PXG,PlayGame,Ethereum
JAR,Jarvis+,Ethereum
SDS,Alchemint Standards,NEO
OBITS,OBITS,BitShares
MBN,Membrana,Ethereum
GPT,GoPower,Ethereum
EBTC,eBitcoin,Ethereum
EOST,EOS TRUST,Ethereum
OLXA,OLXA,Ethereum
STQ,Storiqa,Ethereum
FLDC,FoldingCoin,Counterparty
MOT,Olympus Labs,Ethereum
BBO,Bigbom,Ethereum
PIPL,PiplCoin,Ethereum
CBIX,Cubiex,Binance Coin
INV,Invacio,Ethereum
NEXXO,Nexxo,Ethereum
ZXC,0xcert,Ethereum
REF,RefToken,Ethereum
CYBR,CYBR Token,Ethereum
XBP,BlitzPredict,Ethereum
LALA,LALA World,Ethereum
NPLC,Plus-Coin,Ethereum
GFUN,GoldFund,Ethereum
BDG,BitDegree,Ethereum
COT,CoTrader,Ethereum
CRED,Verify,Ethereum
CRC,CryCash,Ethereum
POLL,ClearPoll,Ethereum
TAN,Taklimakan Network,Ethereum
STAR,Starbase,Ethereum
BEZ,Bezop,Ethereum
SNOV,Snovian.Space,Ethereum
PUB,PUBLYTO Token,EOS
OPTI,OptiToken,Ethereum
FMF,Formosa Financial,Ethereum
DTH,Dether,Ethereum
FDX,FidentiaX,Ethereum
ETT,EncryptoTel [WAVES],Waves
BIRD,Birdchain,Ethereum
ERO,Eroscoin,Ethereum
DOV,Dovu,Ethereum
BYT,Bayan Token,Ethereum
XCM,CoinMetro Token,Ethereum
TIE,Ties.DB,Ethereum
MCT,Master Contract Token,NEO
OLE,Olive,Ethereum
HB,HeartBout,Ethereum
MORE,Mithril Ore,Ethereum
ADI,Aditus,Ethereum
TEAM,TEAM (TokenStars),Ethereum
RCT,RealChain,Ethereum
SUR,Suretly,Ethereum
EQL,Equal,Binance Coin
WPP,WPP TOKEN,Ethereum
METM,MetaMorph,Ethereum
PKC,PikcioChain,NEO
BOB,Bob's Repair,Ethereum
MFG,SyncFab,Ethereum
DIO,Decimated,Ethereum
S,Sharpay,Ethereum
SEAL,Seal Network,Ethereum
ONL,On.Live,Ethereum
MT,Monarch,Ethereum
TCH,TigerCash,Ethereum
HGT,HelloGold,Ethereum
SIG,Spectiv,Ethereum
WAB,WABnetwork,Ethereum
SDA,eSDChain,Ethereum
XCON,Connect Coin,Ethereum
GOLF,Golfcoin,Ethereum
PAR,Parachute,Ethereum
TBX,Tokenbox,Ethereum
NOX,Nitro,Ethereum
VIEW,View,Ethereum
CL,Coinlancer,Ethereum
WBET,Wavesbet,Waves
ADH,AdHive,Ethereum
DAY,Chronologic,Ethereum
MYB,MyBit,Ethereum
FSBT,FSBT API Token,Ethereum
TENA,TENA,Ethereum
HORSE,Ethouse,Ethereum
HER,HeroNode,Ethereum
DAV,DAV Coin,Ethereum
DIM,DIMCOIN,NEM
SRCOIN,SRCOIN,Ethereum
JET,Jetcoin,Ethereum
BCAC,Business Credit Alliance Chain,Ethereum
SNPC,SnapCoin,Ethereum
TDP,TrueDeck,Ethereum
UCN,UChain,Ethereum
TRAK,TrakInvest,Ethereum
SRK,Sparkpoint,Ethereum
AUC,Auctus,Ethereum
BELA,Bela,Ethereum
ABX,Arbidex,Ethereum
HERC,Hercules,Ethereum
MNC,Moneynet,Ethereum
X8X,X8X Token,Ethereum
OPT,Opus,Ethereum
PSM,PRASM,Ethereum
CAT,BlockCAT,Ethereum
ALT,Alt.Estate token,Ethereum
WGO,WavesGo,Waves
SHDW,Shadow Token,Waves
BOUTS,BoutsPro,Ethereum
BITEUR,bitEUR,BitShares
AD,Asian Dragon,Ethereum
BTB,BitBall,Ethereum
PIX,Lampix,Ethereum
ALI,AiLink Token,Ethereum
BITBTC,bitBTC,BitShares
SEXC,ShareX,Ethereum
TNS,Transcodium,Ethereum
ONG,SoMee.Social,Ethereum
WAND,WandX,Ethereum
REX,imbrex,Ethereum
SMQ,SIMDAQ,Waves
TIX,Blocktix,Ethereum
GETX,Guaranteed Ethurance Token Extra,Ethereum
EPY,Emphy,Ethereum
IPSX,IP Exchange,Ethereum
JSE,JSECOIN,Ethereum
CRAD,CryptoAds Marketplace,Ethereum
ALB,ALBOS,Ethereum
BERRY,Rentberry,Ethereum
ETGP,Ethereum Gold Project,Ethereum
IOTW,IOTW,Ethereum
PAT,Patron,Ethereum
TKS,Tokes,Waves
NUSD,Neutral Dollar,Ethereum
ATMI,Atonomi,Ethereum
LUC,Level Up Coin,Ethereum
TCAT,The Currency Analytics,Ethereum
BMH,BlockMesh,Ethereum
VME,VeriME,Ethereum
PKG,PKG Token,Ethereum
ELY,Elysian,Ethereum
ETHPLO,ETHplode,Ethereum
SNTR,Silent Notary,Ethereum
BTCF,Bitcoin Fast,Stellar
CCL,CYCLEAN,Ethereum
DOW,DOWCOIN,Ethereum
BRDG,Bridge Protocol,NEO
NRVE,Narrative,NEO
BON,Bonpay,Ethereum
ING,Iungo,Ethereum
LDC,Leadcoin,Ethereum
DFS,Fantasy Sports,Ethereum
EVC,EventChain,Ethereum
CAT,BitClave,Ethereum
ADL,Adelphoi,Ethereum
CCH,Coinchase Token,Ethereum
TRXC,TRONCLASSIC,Ethereum
PUT,Profile Utility Token,Qtum
FT,Fabric Token,Ethereum
MORE,More Coin,Ethereum
OXY,Oxycoin,Ethereum
BIT,BitRewards,Ethereum
DTRC,Datarius Credit,Ethereum
WISH,MyWish,Binance Coin
DAN,Daneel,Ethereum
ECTE,EurocoinToken,Ethereum
APH,Aphelion,NEO
SAT,Social Activity Token,Ethereum
SCL,Sociall,Ethereum
SET,Save Environment Token,Ethereum
REBL,REBL,Ethereum
WRC,Worldcore,Ethereum
XPAT,Bitnation,Ethereum
NAVI,Naviaddress,Ethereum
CDX,CDX Network,Ethereum
ECASH,Ethereum Cash,Ethereum
XMCT,XMCT,Ethereum
INCO,Incodium,Ethereum
BTNT,BitNautic Token,Ethereum
BETR,BetterBetting,Ethereum
ENGT,Engagement Token,Ethereum
DYNMT,Dynamite,Ethereum
BTR,Bitether,Ethereum
FREC,Freyrchain,Ethereum
SHPING,SHPING,Ethereum
SOUL,CryptoSoul,Ethereum
AGLT,Agrolot,Ethereum
VIU,Viuly,Ethereum
ELET,Elementeum,Ethereum
EVE,Devery,Ethereum
TIC,Thingschain,Ethereum
WEB,Webcoin,Ethereum
CYFM,CyberFM,Ethereum
NAVY,BoatPilot Token,Ethereum
FND,FundRequest,Ethereum
ESZ,EtherSportz,Ethereum
AMM,MicroMoney,Ethereum
MODX,MODEL-X-coin,Ethereum
STASH,BitStash,Ethereum
WTN,Waletoken,Ethereum
EVED,Evedo,Ethereum
MRT,Miners' Reward Token,Waves
SKY,Scopuly,Stellar
ZEUS,ZeusNetwork,Ethereum
MTRC,ModulTrade,Ethereum
ALV,ALLUVA,Ethereum
IG,IGToken,Ethereum
HQT,HyperQuant,Ethereum
PEDI,Pedity,Stellar
SPX,Sp8de,Ethereum
INCX,InternationalCryptoX,Ethereum
SKIN,SkinCoin,Ethereum
PMNT,Paymon,Ethereum
DOGET,Doge Token,Stellar
FLOT,Fire Lotto,Ethereum
BEAT,BEAT,Ethereum
BITSILVER,bitSilver,BitShares
CPC,Cashpayz Token,Ethereum
DML,Decentralized Machine Learning,Ethereum
VRS,Veros,Ethereum
BURN,Blockburn,Ethereum
IFT,InvestFeed,Ethereum
SCC,SiaCashCoin,Ethereum
TDS,TokenDesk,Ethereum
IDRT,Rupiah Token,Ethereum
KIND,Kind Ads Token,Ethereum
WIZ,CrowdWiz,Ethereum
NOBS,No BS Crypto,Ethereum
DGS,Dragonglass,Ethereum
PTS,PitisCoin,Ethereum
BITGOLD,bitGold,BitShares
INVE,InterValue,Ethereum
ARAW,ARAW,Ethereum
LOCI,LOCIcoin,Ethereum
MNE,Minereum,Ethereum
VSL,vSlice,Ethereum
FSCP,Five Star Coin Pro,Ethereum
ARCT,ArbitrageCT,Ethereum
WIT,WITChain,Ethereum
THAR,Thar Token,Ethereum
P2PX,P2P Global Network,Ethereum
QURO,Qurito,Ethereum
TVNT,TravelNote,Ethereum
EXMR,EXMR,Ethereum
XCLR,ClearCoin,Ethereum
HYPE,Hype Token,Ethereum
NTK,NetKoin,Ethereum
TCH,Thore Cash,Ethereum
ARY,Block Array,Ethereum
HYPX,HYPNOXYS,Ethereum
JOT,Jury.Online Token,Ethereum
JC,Jesus Coin,Ethereum
ICOO,ICO OpenLedger,BitShares
BTCL,BTC Lite,Ethereum
JOINT,Joint Ventures,Ethereum
ITL,Italian Lira,Ethereum
SPF,SportyCo,Ethereum
SPT,Spectrum,Ethereum
GRAT,Gratz,Stellar
BEE,Bee Token,Ethereum
PFR,Payfair,Ethereum
ENTRC,EnterCoin,Ethereum
1UP,Uptrennd,Ethereum
ELTCOIN,ELTCOIN,Ethereum
ARB,ARBITRAGE,Ethereum
SGR,Sugar Exchange,Ethereum
HERB,Herbalist Token,Ethereum
PLAT,BitGuild PLAT,TRON
ONE,Menlo One,Ethereum
SWC,Scanetchain,Ethereum
SFCP,SF Capital,Ethereum
BSTN,BitStation,Ethereum
ETA,Etheera,Ethereum
CJT,ConnectJob,Ethereum
HAND,ShowHand,Ethereum
SNR,SONDER,Ethereum
FOXT,Fox Trading,Ethereum
ETX,EthereumX,Stellar
EVI,Evimeria,Waves
BTRN,Biotron,Ethereum
IMP,Ether Kingdoms Token,Ethereum
QUIN,QUINADS,Ethereum
ASA,Asura Coin,NEO
ZINC,ZINC,Ethereum
TRCT,Tracto,Ethereum
INNBCL,InnovativeBioresearchClassic,Ethereum
SGN,Signals Network,Ethereum
YUP,Crowdholding,Ethereum
ELIX,Elixir,Ethereum
STAC,StarterCoin,Ethereum
xEUR,xEURO,Ethereum
COU,Couchain,Ethereum
ALX,ALAX,Ethereum
KNT,Knekted,Ethereum
NRP,Neural Protocol,Ethereum
RLT,RouletteToken,Ethereum
EZW,EZOOW,Ethereum
B@,Bankcoin,Waves
FEX,FidexToken,Ethereum
GUESS,Peerguess,Ethereum
LNC,Blocklancer,Ethereum
KNDC,KanadeCoin,Ethereum
TKP,TOKPIE,Ethereum
BTCRED,Bitcoin Red,Ethereum
MRO,Mero Currency,Ethereum
ORI,Origami,Ethereum
EMPR,empowr coin,Ethereum
STU,bitJob,Ethereum
VOISE,Voise,Ethereum
OBT,Orbis Token,NEO
KNT,Kora Network Token,Ethereum
XLMX,Stellar Classic,Ethereum
BTCONE,BitCoin One,PIVX
SOL,Sola Token,Ethereum
BUL,Bulleon,Ethereum
CMCT,Cyber Movie Chain,Ethereum
SHVR,Shivers,Ethereum
KWH,KWHCoin,Ethereum
ENTS,EUNOMIA,Ethereum
NAT,Natmin Pure Escrow,Ethereum
ZNT,Zenswap Network Token,Ethereum
CRB,Creditbit,Ethereum
DAR,Darcrus,Waves
ITT,Intelligent Trading Foundation,Ethereum
DATP,Decentralized Asset Trading Platform,Ethereum
HAVY,Havy,Ethereum
HUR,Hurify,Ethereum
CCO,Ccore,Ethereum
BNC,Bionic,Ethereum
APC,Alpha Coin,Ethereum
CYMT,CyberMusic,Ethereum
AIX,Aigang,Ethereum
IBT,ICOBay,Ethereum
TOTO,Tourist Token,Ethereum
KWATT,4NEW,Ethereum
MICRO,Micromines,Ethereum
FNTB,Fintab,Ethereum
CCT,Crystal Clear,Ethereum
BQ,bitqy,Ethereum
KUN,KUN,Waves
MASH,MASTERNET,Ethereum
CTRT,Cryptrust,Ethereum
ATS,Authorship,Ethereum
SMS,Speed Mining Service,Ethereum
HGO,HireGo,Ethereum
RNTB,BitRent,Ethereum
XOV,XOVBank,Ethereum
NDX,nDEX,Ethereum
SHP,Sharpe Platform Token,Ethereum
VIKKY,VikkyToken,Ethereum
ECHT,e-Chat,Ethereum
CYL,Crystal Token,Ethereum
CCN,CustomContractNetwork,Ethereum
ELD,electrumdark,Ethereum
MCW,Mocrow,Ethereum
IBTC,iBTC,Ethereum
YLC,YoloCash,Ethereum
OTN,Open Trading Network,Ethereum
FTXT,FUTURAX,Ethereum
JS,JavaScript Token,Ethereum
EVC,Eva Cash,Ethereum
BRAT,BROTHER,Ethereum
ICHX,IceChain,Ethereum
BUNNY,BunnyToken,Ethereum
DELTA,DeltaChain,Ethereum
HSN,Helper Search Token,Ethereum
ESCE,Escroco Emerald,Ethereum
DALC,Dalecoin,Ethereum
ICT,ICOCalendar.Today,Ethereum
LTK,LitecoinToken,Ethereum
ETG,Ethereum Gold,Ethereum
XBL,Billionaire Token,Ethereum
OCL,Oceanlab,Waves
CFUN,CFun,Qtum
SAKE,SAKECOIN,Ethereum
HST,Decision Token,Ethereum
SIM,Simmitri,Ethereum
STR,Staker,Ethereum
OROX,Cointorox,Ethereum
DCTO,Decentralized Crypto Token,Ethereum
TGT,Target Coin,Ethereum
BLN,Bolenum,Ethereum
CLM,Claymore,Ethereum
GRMD,GreenMed,Ethereum
BNN,BrokerNekoNetwork,Ethereum
GOOD,Goodomy,Ethereum
VOCO,Provoco Token,Ethereum
SPEC,SpectrumNetwork,Ethereum
BTX,Bitcoin X,Stellar
POSS,Posscoin,Ethereum
ETHM,Ethereum Meta,Ethereum
XLB,StellarPay,Stellar
AAA,Abulaba,Ethereum
BITS,Bitcoinus,Ethereum
TRDT,Trident Group,Ethereum
RIYA,Etheriya,Ethereum
XSR,Xensor,Ethereum
DFT,DigiFinexToken,Ethereum
HUSD,HUSD,Ethereum
GOM,Gomics,Ethereum
PLG,Pledge Coin,Ethereum
ONE,BigONE Token,Ethereum
PLA,PLANET,Ethereum
MT,MyToken,Ethereum
YTA,YottaChain,Ethereum
EC,Echoin,Ethereum
PAXG,PAX Gold,Ethereum
ONG,Ontology Gas,Ontology
BTMX,BitMax Token,Ethereum
NODE,Whole Network,Ethereum
CET,CoinEx Token,Ethereum
EM,Eminer,Ethereum
MIN,MINDOL,Ethereum
WIN,WinToken,Ethereum
SHE,ShineChain,Ethereum
CONI,Coni,Ethereum
MIX,MixMarvel,Ethereum
VIDY,VIDY,Ethereum
PC,Promotion Coin,Ethereum
CON,CONUN,Ethereum
HPT,Huobi Pool Token,Ethereum
STC,StarChain,Ethereum
OCE,OceanEx Token,VeChain
DVP,Decentralized Vulnerability Platform,Ethereum
FAIR,FairGame,Ethereum
TEP,Tepleton,Ethereum
DEFI,Defi,Ethereum
GTN,GlitzKoin,Stellar
ROOBEE,ROOBEE,Ethereum
CHT,CoinHe Token,Ethereum
ARPA,ARPA Chain,Ethereum
BUT,BitUP Token,Ethereum
ETM,En-Tan-Mo,Ethereum
DUO,DUO Network Token,Ethereum
FRM,Ferrum Network,Ethereum
BIA,Bilaxy Token,Ethereum
USE,Usechain Token,Ethereum
CUST,Custody Token,Ethereum
BAW,BAWnetwork,Binance Coin
GOM,GoMoney,Ethereum
YO,Yobit Token,Ethereum
DAPPT,Dapp Token,Ethereum
DREP,DREP,Ethereum
XUC,Exchange Union,Ethereum
TSHP,12Ships,Ethereum
TRN,Treelion,Ethereum
TMTG,The Midas Touch Gold,Ethereum
VTHO,VeThor Token,VeChain
TRAT,Tratok,Ethereum
CIC,CIChain,Ethereum
USC,USDCoin,Ethereum
UNI,UNICORN Token,Ethereum
WHEN,WHEN Token,Ethereum
NSS,NSS Coin,Ethereum
BCDN,BlockCDN,Ethereum
LOL,EMOGI Network,IOST
GOS,Gosama,Ethereum
KNOW,KNOW,Ethereum
IDT,InvestDigital,Ethereum
CNNS,CNNS,Ethereum
GET,Themis,Ethereum
AGRO,Agrocoin,Ethereum
CAI,Cai Token,Ethereum
DILI,D Community,Ethereum
DPN,DIPNET,Ethereum
WETH,WETH,Ethereum
TSR,Tesra,Ethereum
YCC,Yuan Chain Coin,Ethereum
DACC,DACC,Ethereum
EGCC,Engine,Ethereum
TOPC,TopChain,Ethereum
IZI,IZIChain,Ethereum
PLY,PlayCoin [QRC20],Qtum
SON,Simone,Waves
CRE,Cybereits,Ethereum
NNB,NNB Token,Ethereum
SHOW,Show,Ethereum
TOS,ThingsOperatingSystem,Ethereum
MEET,CoinMeet,Ethereum
BQT,Blockchain Quotations Index Token,Ethereum
CRN,ChronoCoin,NEO
BLOC,Blockcloud,Ethereum
LIGHT,LightChain,Ethereum
IIC,Intelligent Investment Chain,Ethereum
PTN,PalletOne,Ethereum
GST,Game Stars,Ethereum
ALP,Alphacon,Ethereum
DXR,DEXTER,Ethereum
HIT,HitChain,Ethereum
IOUX,IOU,Ethereum
CCC,Coindom,Ethereum
SPRKL,Sparkle,Ethereum
DXG,Dexter G,Ethereum
VOL,Volume Network,Ethereum
KEY,KEY,Ethereum
TOKO,Tokoin,Ethereum
CSM,Consentium,Ethereum
UCT,Ubique Chain Of Things,Ethereum
CHEX,CHEX,Ethereum
TKT,Twinkle,Ethereum
LAD,Ladder Network Token,Ethereum
SOP,SoPay,Ethereum
BTCB,Bitcoin BEP2,Binance Coin
XCT,xCrypt Token,Ethereum
OPNN,Opennity,Ethereum
UC,YouLive Coin,Ethereum
CEL,Celsius,Ethereum
SMARTUP,Smartup,Ethereum
RPZX,Rapidz,Ethereum
FUNDZ,FundToken,Ethereum
MAG,Maggie,Ethereum
EDS,Endorsit,NEO
FLETA,FLETA,Ethereum
BOLTT,Boltt Coin,Ethereum
BFX,Bitfex,Ethereum
EBASE,EURBASE,Ethereum
CAR,CarBlock,Ethereum
CIPX,Colletrix,Ethereum
MZK,Muzika,Ethereum
EST,Esports Token,Ethereum
PROB,ProBit Token,Ethereum
CARAT,CARAT,Ethereum
INSUR,InsurChain,Ethereum
XENO,Xenoverse,Ethereum
WEBN,WEBN token,Ethereum
VJC,VENJOCOIN,Ethereum
OATH,Oath Protocol,Ethereum
EDU,EduCoin,Ethereum
VSC,vSportCoin,Ethereum
BPRO,Bitcloud Pro,Ethereum
WEC,wave edu coin,Waves
BEST,Bitpanda Ecosystem Token,Ethereum
MRS,Marginless,Ethereum
AGRS,Agoras Tokens,Omni
M2O,M2O,Ethereum
MEX,MEX,Ethereum
BKBT,BeeKan,Ethereum
BRC,Baer Chain,Ethereum
SEER,SEER,Ethereum
EXT,Experience Token,NEO
ACU,Aitheon,Ethereum
ROM,ROMToken,Ethereum
KAASO,KAASO,Ethereum
MEDIBIT,MediBit,Ethereum
SLT,Social Lending Token,Ethereum
CMS,COMSA [ETH],Ethereum
SPIN,SPIN Protocol,Ethereum
PHV,PATHHIVE,Ethereum
TCH,Tchain,Ethereum
GSE,GSENetwork,Ethereum
ATLS,Atlas Token,Ethereum
EMT,Emanate,EOS
CMS,COMSA [XEM],NEM
DEEP,DeepCloud AI,Ethereum
TMN,TranslateMe Network Token,NEO
INC,Influence Chain,Ethereum
BUD,BUDDY,Ethereum
MAPR,Maya Preferred 223,Ethereum Classic
CIT,CariNet,Ethereum
B91,B91,Ethereum
DWS,DWS,Ethereum
IOV,IOV BlockChain,Ethereum
HOT,HOT Token,Stellar
CB,COINBIG,Ethereum
CREX,Crex Token,Waves
SDUSD,SDUSD,NEO
VENA,VENA,TRON
PXC,Pixie Coin,Ethereum
ALLN,Airline & Life Networking Token,Ethereum
BBGC,Big Bang Game Coin,Ethereum
BCEO,bitCEO,Ethereum
OTB,OTCBTC Token,Ethereum
LPT,Livepeer,Ethereum
QUBE,Qube,Ethereum
HINT,Hintchain,Ethereum
MGC,MGC Token,Ethereum
KGC,Krypton Galaxy Coin,Ethereum
QUSD,QUSD,Ethereum
DRAGON,Dragon Option,EOS
CHT,Countinghouse,Ethereum
LOT,Lukki Operating Token,Ethereum
NOIZ,NOIZchain,Ethereum
ACDC,Volt,Ethereum
LEMO,LemoChain,Ethereum
MINX,InnovaMinex,Ethereum
GOLD,Golden Token,Ethereum
JNB,Jinbi Token,Ethereum
CDC,Commerce Data Connection,Ethereum
TUDA,Tutor's Diary,Ethereum
GVE,Globalvillage Ecosystem,Ethereum
IDEAL,IDEALCOIN,Ethereum
XCD,CapdaxToken,Ethereum
TRP,Tronipay,Ethereum
DT,Dragon Token,Ethereum
XTX,Xtock,Ethereum
ORS,ORS Group,Ethereum
BLACK,eosBLACK,EOS
F1C,Future1coin,Ethereum
ECT,SuperEdge,Ethereum
BLINK,Blockmason Link,Ethereum
SPRK,Sparkster,Ethereum
777,BiNGO.Fun,Ethereum
ETT,EncryptoTel [ETH],Ethereum
XLMG,Stellar Gold,Stellar
DOOH,Bidooh DOOH Token,Ethereum
URAC,Uranus,Ethereum
VOTE,Agora,Binance Coin
BHIG,BuckHathCoin,Ethereum
RALLY,Rally,Ethereum
ZB,Zerobank,Ethereum
SCC,StockChain,Ethereum
BGBP,Binance GBP Stable Coin,Ethereum
OBX,OOOBTC TOKEN,Ethereum
DRA,Diruna,Stellar
LVL,LevelApp Token,Ethereum
MOLK,MobilinkToken,Ethereum
BTCM,BTCMoon,Ethereum
HPY,Hyper Pay,Qtum
RC20,RoboCalls,Ethereum
GRX,GOLD Reward Token,Ethereum
NEWOS,NewsToken,Ethereum
MESSE,MESSE TOKEN,Ethereum
WIKI,Wiki Token,Ethereum
ODEX,One DEX,Ethereum
RDC,Ordocoin,Ethereum
SKT,SealBlock Token,Ethereum
ELITE,Ethereum Lite,Ethereum
CAN,Content and AD Network,Ethereum
READ,Read,Ethereum
VLC,ValueChain,Ethereum
AVH,Animation Vision Cash,Ethereum
LST,Lendroid Support Token,Ethereum
SNIP,SnipCoin,Ethereum
BUBO,Budbo,Ethereum
SAL,SalPay,Ethereum
FT,FToken,Ethereum
WT,WeToken,Ethereum
XTRD,XTRD,Ethereum
NAM,NAM COIN,Ethereum
BOC,BingoCoin,Ethereum
CEDEX,CEDEX Coin,Ethereum
PCO,Pecunio,Ethereum
OBTC,Obitan Chain,Ethereum
HYB,Hybrid Block,Ethereum
ALTX,Alttex,Ethereum
RRC,RRCoin,Ethereum
KXC,KingXChain,Ethereum
YUKI,YUKI,Ethereum
CEN,Centaure,Ethereum
AT,ABCC Token,Ethereum
GZE,GazeCoin,Ethereum
DAXT,Digital Asset Exchange Token,Ethereum
ALC,ALLCOIN,Ethereum
CHE,Crypto Harbor Exchange,Ethereum
CMIT,CMITCOIN,Ethereum
BGG,Bgogo Token,Ethereum
TOK,TOKOK,Ethereum
GMBC,Gamblica,Ethereum
HUDDL,HUDDL,Ethereum
UTS,UTEMIS,Ethereum
BZKY,BIZKEY,Ethereum
TQN,Toqqn,Ethereum
LBN,Lucky Block Network,Ethereum
BRZ,Brazilian Digital Token,Ethereum
MINEX,Minex,Waves
IQT,iQuant,Ethereum
EXC,Excaliburcoin,Ethereum